<metadata xml:lang="en"><Esri><CreaDate>20240304</CreaDate><CreaTime>17384400</CreaTime><ArcGISFormat>1.0</ArcGISFormat><SyncOnce>FALSE</SyncOnce><DataProperties><lineage><Process ToolSource="c:\program files\arcgis\pro\Resources\ArcToolbox\toolboxes\Data Management Tools.tbx\CreateFeatureclass" Date="20240304" Time="173809">CreateFeatureclass C:\Users\parke\DefaultFiles\Documents\ArcGIS\Projects\lamprey2\lamprey2.gdb Samples2022 Point "'2022$'" No No "GEOGCS["GCS_WGS_1984",DATUM["D_WGS_1984",SPHEROID["WGS_1984",6378137.0,298.257223563]],PRIMEM["Greenwich",0.0],UNIT["Degree",0.0174532925199433]];-400 -400 1000000000;-100000 10000;-100000 10000;8.98315284119521E-09;0.001;0.001;IsHighPrecision" # 0 0 0 #</Process><Process ToolSource="c:\program files\arcgis\pro\Resources\ArcToolbox\toolboxes\Data Management Tools.tbx\XYTableToPoint" Date="20240304" Time="173809">XYTableToPoint '2022$' C:\Users\parke\DefaultFiles\Documents\ArcGIS\Projects\lamprey2\lamprey2.gdb\Samples2022 Longitude Latitude # "GEOGCS["GCS_WGS_1984",DATUM["D_WGS_1984",SPHEROID["WGS_1984",6378137.0,298.257223563]],PRIMEM["Greenwich",0.0],UNIT["Degree",0.0174532925199433]];-400 -400 1000000000;-100000 10000;-100000 10000;8.98315284119521E-09;0.001;0.001;IsHighPrecision"</Process><Process ToolSource="c:\program files\arcgis\pro\Resources\ArcToolbox\toolboxes\Data Management Tools.tbx\Project" Date="20240304" Time="173844">Project Samples2022 C:\Users\parke\DefaultFiles\Documents\ArcGIS\Projects\lamprey2\lamprey2.gdb\Samples2022_Prj PROJCS["NAD_1983_Oregon_Statewide_Lambert_Feet_Intl",GEOGCS["GCS_North_American_1983",DATUM["D_North_American_1983",SPHEROID["GRS_1980",6378137.0,298.257222101]],PRIMEM["Greenwich",0.0],UNIT["Degree",0.0174532925199433]],PROJECTION["Lambert_Conformal_Conic"],PARAMETER["False_Easting",1312335.958005249],PARAMETER["False_Northing",0.0],PARAMETER["Central_Meridian",-120.5],PARAMETER["Standard_Parallel_1",43.0],PARAMETER["Standard_Parallel_2",45.5],PARAMETER["Latitude_Of_Origin",41.75],UNIT["Foot",0.3048]] WGS_1984_(ITRF00)_To_NAD_1983 GEOGCS["GCS_WGS_1984",DATUM["D_WGS_1984",SPHEROID["WGS_1984",6378137.0,298.257223563]],PRIMEM["Greenwich",0.0],UNIT["Degree",0.0174532925199433]] NO_PRESERVE_SHAPE # NO_VERTICAL</Process><Process ToolSource="c:\program files\arcgis\pro\Resources\ArcToolbox\toolboxes\Data Management Tools.tbx\Merge" Date="20240304" Time="181613">Merge Samples2022_Prj;SampleSites_Adj C:\Users\parke\DefaultFiles\Documents\ArcGIS\Projects\lamprey2\lamprey2.gdb\SamplesAdjAll "SSNERR_SiteID "SSNERR_SiteID" true true false 255 Text 0 0,First,#,Samples2022_Prj,SSNERR_SiteID,0,255,SampleSites_Adj,SSNERR_Sit,0,254;Waterbody "Waterbody" true true false 255 Text 0 0,First,#,Samples2022_Prj,Waterbody,0,255,SampleSites_Adj,Waterbody,0,254;Lake_or_stream "Lake or stream" true true false 255 Text 0 0,First,#,Samples2022_Prj,Lake_or_stream,0,255,SampleSites_Adj,Lake_or_st,0,254;Latitude "Latitude" true true false 8 Double 0 0,First,#,Samples2022_Prj,Latitude,-1,-1,SampleSites_Adj,Latitude,-1,-1;Longitude "Longitude" true true false 8 Double 0 0,First,#,Samples2022_Prj,Longitude,-1,-1,SampleSites_Adj,Longitude,-1,-1;Date_Collected "Date Collected" true true false 8 Date 0 0,First,#,Samples2022_Prj,Date_Collected,-1,-1;Year_Collected "Year Collected" true true false 8 Double 0 0,First,#,Samples2022_Prj,Year_Collected,-1,-1,SampleSites_Adj,Year_Colle,-1,-1;USFS_Sample_ID "USFS_Sample_ID" true true false 255 Text 0 0,First,#,Samples2022_Prj,USFS_Sample_ID,0,255,SampleSites_Adj,USFS_Sampl,0,254;Lampetra_present "Lampetra_present" true true false 255 Text 0 0,First,#,Samples2022_Prj,Lampetra_present,0,255,SampleSites_Adj,Lampetra_p,0,254;Pacific_Lamprey_present "Pacific_Lamprey_present" true true false 255 Text 0 0,First,#,Samples2022_Prj,Pacific_Lamprey_present,0,255,SampleSites_Adj,Pacific_La,0,254;Collector "Collector" true true false 255 Text 0 0,First,#,Samples2022_Prj,Collector,0,255,SampleSites_Adj,Collector,0,254;Field_Notes "Field Notes" true true false 255 Text 0 0,First,#,Samples2022_Prj,Field_Notes,0,255,SampleSites_Adj,Field_Note,0,254;Year_Colle "Year_Colle" true true false 19 Double 0 0,First,#,SampleSites_Adj,Year_Colle,-1,-1;USFS_Sampl "USFS_Sampl" true true false 254 Text 0 0,First,#,SampleSites_Adj,USFS_Sampl,0,254;Lampetra_p "Lampetra_p" true true false 254 Text 0 0,First,#,SampleSites_Adj,Lampetra_p,0,254;Pacific_La "Pacific_La" true true false 254 Text 0 0,First,#,SampleSites_Adj,Pacific_La,0,254;Field_Note "Field_Note" true true false 254 Text 0 0,First,#,SampleSites_Adj,Field_Note,0,254" NO_SOURCE_INFO</Process><Process ToolSource="c:\program files\arcgis\pro\Resources\ArcToolbox\toolboxes\Conversion Tools.tbx\FeatureClassToFeatureClass" Date="20240304" Time="182014">FeatureClassToFeatureClass SamplesAdjAll C:\Users\parke\DefaultFiles\Documents\ArcGIS\Projects\lamprey2\lamprey2.gdb AllSamples # "SSNERR_SiteID "SSNERR_SiteID" true true false 255 Text 0 0,First,#,SamplesAdjAll,SSNERR_SiteID,0,255;Waterbody "Waterbody" true true false 255 Text 0 0,First,#,SamplesAdjAll,Waterbody,0,255;Lake_or_stream "Lake or stream" true true false 255 Text 0 0,First,#,SamplesAdjAll,Lake_or_stream,0,255;Latitude "Latitude" true true false 8 Double 0 0,First,#,SamplesAdjAll,Latitude,-1,-1;Longitude "Longitude" true true false 8 Double 0 0,First,#,SamplesAdjAll,Longitude,-1,-1;Date_Collected "Date Collected" true true false 8 Date 0 0,First,#,SamplesAdjAll,Date_Collected,-1,-1;Year_Collected "Year Collected" true true false 8 Double 0 0,First,#,SamplesAdjAll,Year_Collected,-1,-1;USFS_Sample_ID "USFS_Sample_ID" true true false 255 Text 0 0,First,#,SamplesAdjAll,USFS_Sample_ID,0,255;Lampetra_present "Lampetra_present" true true false 255 Text 0 0,First,#,SamplesAdjAll,Lampetra_present,0,255;Pacific_Lamprey_present "Pacific_Lamprey_present" true true false 255 Text 0 0,First,#,SamplesAdjAll,Pacific_Lamprey_present,0,255;Collector "Collector" true true false 255 Text 0 0,First,#,SamplesAdjAll,Collector,0,255;Field_Notes "Field Notes" true true false 255 Text 0 0,First,#,SamplesAdjAll,Field_Notes,0,255;Year_Colle "Year_Colle" true true false 8 Double 0 0,First,#,SamplesAdjAll,Year_Colle,-1,-1;USFS_Sampl "USFS_Sampl" true true false 254 Text 0 0,First,#,SamplesAdjAll,USFS_Sampl,0,254;Lampetra_p "Lampetra_p" true true false 254 Text 0 0,First,#,SamplesAdjAll,Lampetra_p,0,254;Pacific_La "Pacific_La" true true false 254 Text 0 0,First,#,SamplesAdjAll,Pacific_La,0,254;Field_Note "Field_Note" true true false 254 Text 0 0,First,#,SamplesAdjAll,Field_Note,0,254" #</Process><Process ToolSource="c:\program files\arcgis\pro\Resources\ArcToolbox\toolboxes\Conversion Tools.tbx\FeatureClassToFeatureClass" Date="20240304" Time="182623">FeatureClassToFeatureClass AllSamples C:\Users\parke\GISLampreyAnalysis\Data AllSamples.shp # "SSNERR_SiteID "SSNERR_SiteID" true true false 255 Text 0 0,First,#,AllSamples,SSNERR_SiteID,0,255;Waterbody "Waterbody" true true false 255 Text 0 0,First,#,AllSamples,Waterbody,0,255;Lake_or_stream "Lake or stream" true true false 255 Text 0 0,First,#,AllSamples,Lake_or_stream,0,255;Latitude "Latitude" true true false 8 Double 0 0,First,#,AllSamples,Latitude,-1,-1;Longitude "Longitude" true true false 8 Double 0 0,First,#,AllSamples,Longitude,-1,-1;Date_Collected "Date Collected" true true false 8 Date 0 0,First,#,AllSamples,Date_Collected,-1,-1;Year_Collected "Year Collected" true true false 8 Double 0 0,First,#,AllSamples,Year_Collected,-1,-1;USFS_Sample_ID "USFS_Sample_ID" true true false 255 Text 0 0,First,#,AllSamples,USFS_Sample_ID,0,255;Lampetra_present "Lampetra_present" true true false 255 Text 0 0,First,#,AllSamples,Lampetra_present,0,255;Pacific_Lamprey_present "Pacific_Lamprey_present" true true false 255 Text 0 0,First,#,AllSamples,Pacific_Lamprey_present,0,255;Collector "Collector" true true false 255 Text 0 0,First,#,AllSamples,Collector,0,255;Field_Notes "Field Notes" true true false 255 Text 0 0,First,#,AllSamples,Field_Notes,0,255;Year_Colle "Year_Colle" true true false 8 Double 0 0,First,#,AllSamples,Year_Colle,-1,-1;USFS_Sampl "USFS_Sampl" true true false 254 Text 0 0,First,#,AllSamples,USFS_Sampl,0,254;Lampetra_p "Lampetra_p" true true false 254 Text 0 0,First,#,AllSamples,Lampetra_p,0,254;Pacific_La "Pacific_La" true true false 254 Text 0 0,First,#,AllSamples,Pacific_La,0,254;Field_Note "Field_Note" true true false 254 Text 0 0,First,#,AllSamples,Field_Note,0,254" #</Process></lineage><itemProps><itemLocation><linkage Sync="TRUE">file://\\LAPTOP-V324B99T\C$\Users\parke\GISLampreyAnalysis\Data\AllSamples.shp</linkage><protocol Sync="TRUE">Local Area Network</protocol></itemLocation><itemName Sync="TRUE">AllSamples</itemName><imsContentType Sync="TRUE">002</imsContentType><itemSize Sync="TRUE">0.000</itemSize></itemProps><coordRef><type Sync="TRUE">Projected</type><geogcsn Sync="TRUE">GCS_North_American_1983</geogcsn><csUnits Sync="TRUE">Linear Unit: Foot (0.304800)</csUnits><projcsn Sync="TRUE">NAD_1983_Oregon_Statewide_Lambert_Feet_Intl</projcsn><peXml Sync="TRUE">&lt;ProjectedCoordinateSystem xsi:type='typens:ProjectedCoordinateSystem' xmlns:xsi='http://www.w3.org/2001/XMLSchema-instance' xmlns:xs='http://www.w3.org/2001/XMLSchema' xmlns:typens='http://www.esri.com/schemas/ArcGIS/2.8.0'&gt;&lt;WKT&gt;PROJCS[&amp;quot;NAD_1983_Oregon_Statewide_Lambert_Feet_Intl&amp;quot;,GEOGCS[&amp;quot;GCS_North_American_1983&amp;quot;,DATUM[&amp;quot;D_North_American_1983&amp;quot;,SPHEROID[&amp;quot;GRS_1980&amp;quot;,6378137.0,298.257222101]],PRIMEM[&amp;quot;Greenwich&amp;quot;,0.0],UNIT[&amp;quot;Degree&amp;quot;,0.0174532925199433]],PROJECTION[&amp;quot;Lambert_Conformal_Conic&amp;quot;],PARAMETER[&amp;quot;False_Easting&amp;quot;,1312335.958005249],PARAMETER[&amp;quot;False_Northing&amp;quot;,0.0],PARAMETER[&amp;quot;Central_Meridian&amp;quot;,-120.5],PARAMETER[&amp;quot;Standard_Parallel_1&amp;quot;,43.0],PARAMETER[&amp;quot;Standard_Parallel_2&amp;quot;,45.5],PARAMETER[&amp;quot;Latitude_Of_Origin&amp;quot;,41.75],UNIT[&amp;quot;Foot&amp;quot;,0.3048],AUTHORITY[&amp;quot;EPSG&amp;quot;,2992]]&lt;/WKT&gt;&lt;XOrigin&gt;-118489100&lt;/XOrigin&gt;&lt;YOrigin&gt;-97381100&lt;/YOrigin&gt;&lt;XYScale&gt;37592196.316242374&lt;/XYScale&gt;&lt;ZOrigin&gt;-100000&lt;/ZOrigin&gt;&lt;ZScale&gt;10000&lt;/ZScale&gt;&lt;MOrigin&gt;-100000&lt;/MOrigin&gt;&lt;MScale&gt;10000&lt;/MScale&gt;&lt;XYTolerance&gt;0.0032808398950131233&lt;/XYTolerance&gt;&lt;ZTolerance&gt;0.001&lt;/ZTolerance&gt;&lt;MTolerance&gt;0.001&lt;/MTolerance&gt;&lt;HighPrecision&gt;true&lt;/HighPrecision&gt;&lt;WKID&gt;2992&lt;/WKID&gt;&lt;LatestWKID&gt;2992&lt;/LatestWKID&gt;&lt;/ProjectedCoordinateSystem&gt;</peXml></coordRef></DataProperties><SyncDate>20240304</SyncDate><SyncTime>18262300</SyncTime><ModDate>20240304</ModDate><ModTime>18262300</ModTime></Esri><dataIdInfo><envirDesc Sync="TRUE">Microsoft Windows 10 Version 10.0 (Build 22631) ; Esri ArcGIS 12.8.0.29751</envirDesc><dataLang><languageCode value="eng" Sync="TRUE"></languageCode><countryCode value="USA" Sync="TRUE"></countryCode></dataLang><idCitation><resTitle Sync="TRUE">AllSamples</resTitle><presForm><PresFormCd value="005" Sync="TRUE"></PresFormCd></presForm></idCitation><spatRpType><SpatRepTypCd value="001" Sync="TRUE"></SpatRepTypCd></spatRpType></dataIdInfo><mdLang><languageCode value="eng" Sync="TRUE"></languageCode><countryCode value="USA" Sync="TRUE"></countryCode></mdLang><distInfo><distFormat><formatName Sync="TRUE">Shapefile</formatName></distFormat><distTranOps><transSize Sync="TRUE">0.000</transSize></distTranOps></distInfo><mdHrLv><ScopeCd value="005" Sync="TRUE"></ScopeCd></mdHrLv><mdHrLvName Sync="TRUE">dataset</mdHrLvName><refSysInfo><RefSystem><refSysID><identCode code="2992" Sync="TRUE"></identCode><idCodeSpace Sync="TRUE">EPSG</idCodeSpace><idVersion Sync="TRUE">8.5(9.0.0)</idVersion></refSysID></RefSystem></refSysInfo><spatRepInfo><VectSpatRep><geometObjs Name="AllSamples"><geoObjTyp><GeoObjTypCd value="004" Sync="TRUE"></GeoObjTypCd></geoObjTyp><geoObjCnt Sync="TRUE">0</geoObjCnt></geometObjs><topLvl><TopoLevCd value="001" Sync="TRUE"></TopoLevCd></topLvl></VectSpatRep></spatRepInfo><spdoinfo><ptvctinf><esriterm Name="AllSamples"><efeatyp Sync="TRUE">Simple</efeatyp><efeageom code="1" Sync="TRUE"></efeageom><esritopo Sync="TRUE">FALSE</esritopo><efeacnt Sync="TRUE">0</efeacnt><spindex Sync="TRUE">FALSE</spindex><linrefer Sync="TRUE">FALSE</linrefer></esriterm></ptvctinf></spdoinfo><eainfo><detailed Name="AllSamples"><enttyp><enttypl Sync="TRUE">AllSamples</enttypl><enttypt Sync="TRUE">Feature Class</enttypt><enttypc Sync="TRUE">0</enttypc></enttyp><attr><attrlabl Sync="TRUE">FID</attrlabl><attalias Sync="TRUE">FID</attalias><attrtype Sync="TRUE">OID</attrtype><attwidth Sync="TRUE">4</attwidth><atprecis Sync="TRUE">0</atprecis><attscale Sync="TRUE">0</attscale><attrdef Sync="TRUE">Internal feature number.</attrdef><attrdefs Sync="TRUE">Esri</attrdefs><attrdomv><udom Sync="TRUE">Sequential unique whole numbers that are automatically generated.</udom></attrdomv></attr><attr><attrlabl Sync="TRUE">Shape</attrlabl><attalias Sync="TRUE">Shape</attalias><attrtype Sync="TRUE">Geometry</attrtype><attwidth Sync="TRUE">0</attwidth><atprecis Sync="TRUE">0</atprecis><attscale Sync="TRUE">0</attscale><attrdef Sync="TRUE">Feature geometry.</attrdef><attrdefs Sync="TRUE">Esri</attrdefs><attrdomv><udom Sync="TRUE">Coordinates defining the features.</udom></attrdomv></attr><attr><attrlabl Sync="TRUE">SSNERR_Sit</attrlabl><attalias Sync="TRUE">SSNERR_Sit</attalias><attrtype Sync="TRUE">String</attrtype><attwidth Sync="TRUE">254</attwidth><atprecis Sync="TRUE">0</atprecis><attscale Sync="TRUE">0</attscale></attr><attr><attrlabl Sync="TRUE">Waterbody</attrlabl><attalias Sync="TRUE">Waterbody</attalias><attrtype Sync="TRUE">String</attrtype><attwidth Sync="TRUE">254</attwidth><atprecis Sync="TRUE">0</atprecis><attscale Sync="TRUE">0</attscale></attr><attr><attrlabl Sync="TRUE">Lake_or_st</attrlabl><attalias Sync="TRUE">Lake_or_st</attalias><attrtype Sync="TRUE">String</attrtype><attwidth Sync="TRUE">254</attwidth><atprecis Sync="TRUE">0</atprecis><attscale Sync="TRUE">0</attscale></attr><attr><attrlabl Sync="TRUE">Latitude</attrlabl><attalias Sync="TRUE">Latitude</attalias><attrtype Sync="TRUE">Double</attrtype><attwidth Sync="TRUE">19</attwidth><atprecis Sync="TRUE">0</atprecis><attscale Sync="TRUE">0</attscale></attr><attr><attrlabl Sync="TRUE">Longitude</attrlabl><attalias Sync="TRUE">Longitude</attalias><attrtype Sync="TRUE">Double</attrtype><attwidth Sync="TRUE">19</attwidth><atprecis Sync="TRUE">0</atprecis><attscale Sync="TRUE">0</attscale></attr><attr><attrlabl Sync="TRUE">Date_Colle</attrlabl><attalias Sync="TRUE">Date_Colle</attalias><attrtype Sync="TRUE">Date</attrtype><attwidth Sync="TRUE">8</attwidth><atprecis Sync="TRUE">0</atprecis><attscale Sync="TRUE">0</attscale></attr><attr><attrlabl Sync="TRUE">Collector</attrlabl><attalias Sync="TRUE">Collector</attalias><attrtype Sync="TRUE">String</attrtype><attwidth Sync="TRUE">254</attwidth><atprecis Sync="TRUE">0</atprecis><attscale Sync="TRUE">0</attscale></attr><attr><attrlabl Sync="TRUE">Year_Colle</attrlabl><attalias Sync="TRUE">Year_Colle</attalias><attrtype Sync="TRUE">Double</attrtype><attwidth Sync="TRUE">19</attwidth><atprecis Sync="TRUE">0</atprecis><attscale Sync="TRUE">0</attscale></attr><attr><attrlabl Sync="TRUE">USFS_Sampl</attrlabl><attalias Sync="TRUE">USFS_Sampl</attalias><attrtype Sync="TRUE">String</attrtype><attwidth Sync="TRUE">254</attwidth><atprecis Sync="TRUE">0</atprecis><attscale Sync="TRUE">0</attscale></attr><attr><attrlabl Sync="TRUE">Lampetra_p</attrlabl><attalias Sync="TRUE">Lampetra_p</attalias><attrtype Sync="TRUE">String</attrtype><attwidth Sync="TRUE">254</attwidth><atprecis Sync="TRUE">0</atprecis><attscale Sync="TRUE">0</attscale></attr><attr><attrlabl Sync="TRUE">Pacific_La</attrlabl><attalias Sync="TRUE">Pacific_La</attalias><attrtype Sync="TRUE">String</attrtype><attwidth Sync="TRUE">254</attwidth><atprecis Sync="TRUE">0</atprecis><attscale Sync="TRUE">0</attscale></attr><attr><attrlabl Sync="TRUE">Field_Note</attrlabl><attalias Sync="TRUE">Field_Note</attalias><attrtype Sync="TRUE">String</attrtype><attwidth Sync="TRUE">254</attwidth><atprecis Sync="TRUE">0</atprecis><attscale Sync="TRUE">0</attscale></attr><attr><attrlabl Sync="TRUE">Year_Col_1</attrlabl><attalias Sync="TRUE">Year_Col_1</attalias><attrtype Sync="TRUE">Double</attrtype><attwidth Sync="TRUE">19</attwidth><atprecis Sync="TRUE">0</atprecis><attscale Sync="TRUE">0</attscale></attr><attr><attrlabl Sync="TRUE">USFS_Sam_1</attrlabl><attalias Sync="TRUE">USFS_Sam_1</attalias><attrtype Sync="TRUE">String</attrtype><attwidth Sync="TRUE">254</attwidth><atprecis Sync="TRUE">0</atprecis><attscale Sync="TRUE">0</attscale></attr><attr><attrlabl Sync="TRUE">Lampetra_1</attrlabl><attalias Sync="TRUE">Lampetra_1</attalias><attrtype Sync="TRUE">String</attrtype><attwidth Sync="TRUE">254</attwidth><atprecis Sync="TRUE">0</atprecis><attscale Sync="TRUE">0</attscale></attr><attr><attrlabl Sync="TRUE">Pacific__1</attrlabl><attalias Sync="TRUE">Pacific__1</attalias><attrtype Sync="TRUE">String</attrtype><attwidth Sync="TRUE">254</attwidth><atprecis Sync="TRUE">0</atprecis><attscale Sync="TRUE">0</attscale></attr><attr><attrlabl Sync="TRUE">Field_No_1</attrlabl><attalias Sync="TRUE">Field_No_1</attalias><attrtype Sync="TRUE">String</attrtype><attwidth Sync="TRUE">254</attwidth><atprecis Sync="TRUE">0</atprecis><attscale Sync="TRUE">0</attscale></attr></detailed></eainfo><mdDateSt Sync="TRUE">20240304</mdDateSt></metadata>
